{
    "standard_ols": {
        "train": {
            "mse": 14.472799391989872,
            "corr": 0.8960683673546076,
            "corr_sq": 0.802938518973552,
            "r2": 0.8029385189735517
        },
        "test": {
            "mse": 16.66601109954511,
            "corr": 0.8811227150611461,
            "corr_sq": 0.7763772389967257,
            "r2": 0.7758651545902496
        }
    },
    "outlier_ols": {
        "train": {
            "mse": 275.03229794707494,
            "corr": 0.45889688404395784,
            "corr_sq": 0.21058635018525368,
            "r2": 0.2105863501852534
        },
        "test": {
            "mse": 24.810304072804012,
            "corr": 0.8314067073870118,
            "corr_sq": 0.6912371130881123,
            "r2": 0.6663356555619595
        }
    },
    "no_intercept_ols": {
        "train": {
            "mse": 70.0182708315266,
            "corr": 0.8781826009497335,
            "corr_sq": 0.7712046806108389,
            "r2": 0.04663197663002239
        },
        "test": {
            "mse": 81.8097385341821,
            "corr": 0.8605833661618358,
            "corr_sq": 0.7406037301144364,
            "r2": -0.10022806236289417
        }
    }
}